,accuracy,average_precision,roc_auc,recall,precision
LogisticRegression,0.608537688,0.586472625,0.667093563,0.439808482,0.611346747
RandomForestClassifier,0.545487437,0.4751254,0.568268595,0.39119015,0.474805596
SVC,0.617527638,0.566652789,0.631084422,0.374035568,0.629023962
KNeighborsClassifier,0.608567839,0.540012895,0.623167444,0.481340629,0.558741295
